{"stats":{"minecraft:picked_up":{"minecraft:coarse_dirt":5,"minecraft:wheat_seeds":4,"minecraft:dirt":3},"minecraft:mined":{"minecraft:tall_grass":3,"minecraft:grass":74,"biomesoplenty:pink_daffodil":1,"minecraft:grass_block":3,"biomesoplenty:high_grass":43,"minecraft:coarse_dirt":8,"minecraft:dirt":1,"biomesoplenty:high_grass_plant":74},"minecraft:custom":{"minecraft:jump":51,"minecraft:time_since_rest":5100,"minecraft:walk_on_water_one_cm":1000,"minecraft:leave_game":3,"minecraft:play_time":5100,"minecraft:sprint_one_cm":11394,"minecraft:walk_one_cm":11319,"minecraft:time_since_death":5100,"minecraft:total_world_time":5100,"minecraft:fall_one_cm":1103,"minecraft:fly_one_cm":8416}},"DataVersion":3465}